<?xml version="1.0" encoding="UTF-8"?>
<!-- $Id$ -->
<DataSourceSet xmlns:xsi="http://www.w3.org/2001/XMLSchema-instance"
  xsi:noNamespaceSchemaLocation="../../../../../pos/config/dtv/res/config/DataSourceConfig.xsd">
  
  <DataSource name="Xcenter" networkScope="LAN">
    <Strategy dtype="String">jdbcPersistenceStrategy</Strategy>
    <Property key="ConnectionFactoryClassName" value="${dtv.datasource.connectionfactory}" />
    <Property key="ConnectionUserName" value="${xcenter.db.username}" />
    <Property key="ConnectionPassword" value="${xcenter.db.password}" />
    <Property key="ConnectionURL" value="${xcenter.db.connectionURL}" />
    <Ping>
      <ClassName dtype="Class">dtv.data2.access.impl.SocketPing</ClassName>
      <Property key="Host" value="${xcenter.db.ping.host}" />
      <Property key="Port" value="${xcenter.db.ping.port}" />
      <Property key="Timeout" value="1000" />
    </Ping>
  </DataSource>
  
  <DataSource name="StoreBackup" networkScope="LAN" enabled="false">
    <Strategy dtype="String">jdbcPersistenceStrategy</Strategy>
    <Property key="ConnectionFactoryClassName" value="${dtv.datasource.connectionfactory}" />
    <Property key="ConnectionUserName" value="${storebackup.db.username}" />
    <Property key="ConnectionPassword" value="${storebackup.db.password}" />
    <Property key="ConnectionURL" value="${storebackup.db.connectionURL}" />
    <Ping>
      <ClassName dtype="Class">dtv.data2.access.impl.SocketPing</ClassName>
      <Property key="Host" value="${storebackup.db.ping.host}" />
      <Property key="Port" value="${storebackup.db.ping.port}" />
      <Property key="Timeout" value="1000" />
    </Ping>
  </DataSource>
  
  <DataSource name="StorePrimary" networkScope="LAN">
    <Strategy dtype="String">jdbcPersistenceStrategy</Strategy>
    <Property key="ConnectionFactoryClassName" value="${dtv.datasource.connectionfactory}" />
    <Property key="ConnectionUserName" value="${storeprimary.db.username}" />
    <Property key="ConnectionPassword" value="${storeprimary.db.password}" />
    <Property key="ConnectionURL" value="${storeprimary.db.connectionURL}" />
    <Ping>
      <ClassName dtype="Class">dtv.data2.access.impl.SocketPing</ClassName>
      <Property key="Host" value="${storeprimary.db.ping.host}" />
      <Property key="Port" value="${storeprimary.db.ping.port}" />
      <Property key="Timeout" value="1000" />
    </Ping>
  </DataSource>
  
  <DataSource name="Local" networkScope="LAN">
    <Strategy dtype="String">jdbcPersistenceStrategy</Strategy>
    <Property key="ConnectionFactoryClassName" value="${dtv.datasource.connectionfactory}" />
    <Property key="ConnectionUserName" value="${local.db.username}" />
    <Property key="ConnectionPassword" value="${local.db.password}" />
    <Property key="ConnectionURL" value="${local.db.connectionURL}" />
    <Ping>
      <ClassName dtype="Class">dtv.data2.access.impl.SocketPing</ClassName>
      <Property key="Host" value="${local.db.ping.host}" />
      <Property key="Port" value="${local.db.ping.port}" />
      <Property key="Timeout" value="1000" />
    </Ping>
  </DataSource>
  
  <DataSource name="Replication" networkScope="LAN" highAvailability="true">
    <Strategy dtype="String">jdbcPersistenceStrategy</Strategy>
    <Property key="ConnectionFactoryClassName" value="${dtv.datasource.connectionfactory}" />
    <Property key="ConnectionUserName" value="${replication.db.username}" />
    <Property key="ConnectionPassword" value="${replication.db.password}" />
    <Property key="ConnectionURL" value="${replication.db.connectionURL}" />
    <Ping>
      <ClassName dtype="Class">dtv.data2.access.impl.SocketPing</ClassName>
      <Property key="Host" value="${replication.db.ping.host}" />
      <Property key="Port" value="${replication.db.ping.port}" />
      <Property key="Timeout" value="1000" />
    </Ping>
  </DataSource>
  
  <DataSource name="Training" networkScope="LAN">
    <Strategy dtype="String">jdbcPersistenceStrategy</Strategy>
    <Property key="ConnectionFactoryClassName" value="${dtv.datasource.connectionfactory}" />
    <Property key="ConnectionUserName" value="${training.db.username}" />
    <Property key="ConnectionPassword" value="${training.db.password}" />
    <Property key="ConnectionURL" value="${training.db.connectionURL}" />
    <Ping>
      <ClassName dtype="Class">dtv.data2.access.impl.SocketPing</ClassName>
      <Property key="Host" value="${training.db.ping.host}" />
      <Property key="Port" value="${training.db.ping.port}" />
      <Property key="Timeout" value="1000" />
    </Ping>
  </DataSource>
</DataSourceSet>
